Model,Accuracy,Precision,Recall,F1-Score,AUC-ROC
Logistic Regression,0.8012304779933743,0.6605922551252847,0.5169340463458111,0.58,0.847740021500634
Random Forest,0.79649787032655,0.6526806526806527,0.49910873440285203,0.5656565656565656,0.8383444052410093
XGBoost,0.7950780880265026,0.6447963800904978,0.5080213903743316,0.5682951146560319,0.8331375075803518
